Decade,entropy
2020,2.5219822354073633
1990,2.520905419799025
2000,2.512292964770091
2010,2.527949715688865
1980,2.469150392549978
