Decade,val
Early 1980s,2.4395269351252122
Late 1980s,2.480539112291784
